run,duration_s
cap1,10.0
cap1,10.0
cap1,10.0
cap1,10.0
cap1,10.0
cap1,10.0
cap1,10.0
cap1,10.0
cap1,10.0
cap1,10.0
cap1,10.0
cap1,10.0
cap1,10.0
cap1,10.0
cap1,10.0
cap1,10.0
cap1,10.0
cap1,10.0
cap1,10.0
cap1,10.0
cap1,10.0
cap1,10.0
cap1,10.0
cap1,10.0
cap1,10.0
cap1,10.0
cap1,10.0
cap1,10.0
cap1,10.0
cap1,10.0
cap1,10.0
cap1,10.0
cap1,10.0
cap1,10.0
cap1,10.0
cap1,10.0
cap1,10.0
cap1,10.0
cap1,10.0
cap1,10.0
cap1,10.0
cap1,10.0
cap1,10.0
cap1,10.0
cap1,10.0
cap1,10.0
cap1,10.0
cap1,10.0
cap1,10.0
cap1,10.0
cap1,10.0
cap1,10.0
cap1,10.0
cap1,10.0
cap1,10.0
cap1,10.0
cap1,10.0
cap1,10.0
cap1,10.0
cap1,10.0
cap1,10.0
cap1,10.0
cap1,10.0
cap1,10.0
cap1,10.0
cap1,10.0
cap1,10.0
cap1,10.0
cap1,10.0
cap1,10.0
cap1,10.0
cap1,10.0
cap1,10.0
cap1,10.0
cap1,10.0
cap1,10.0
cap1,10.0
cap1,10.0
cap1,10.0
cap1,10.0
cap1,10.0
cap1,10.0
cap1,10.0
cap1,10.0
cap1,10.0
cap1,10.0
cap1,10.0
cap1,10.0
cap1,10.0
cap1,10.0
cap1,10.0
cap1,10.0
cap1,10.0
cap1,10.0
cap1,10.0
cap1,10.0
cap1,10.0
cap1,10.0
cap1,10.0
cap1,10.0
cap1,10.0
cap1,10.0
cap1,10.0
cap1,10.0
cap1,10.0
cap1,10.0
cap1,10.0
cap1,10.0
cap1,10.0
cap1,10.0
cap1,10.0
cap1,10.0
cap1,10.0
cap1,10.0
cap1,10.0
cap1,10.0
cap1,10.0
cap1,10.0
cap1,10.0
cap1,10.0
cap1,10.0
cap1,10.0
cap1,10.0
cap1,10.0
cap1,10.0
cap1,10.0
cap1,10.0
cap1,10.0
cap1,10.0
cap1,10.0
cap1,10.0
cap1,10.0
cap1,10.0
cap1,10.0
cap1,10.0
cap1,10.0
cap1,10.0
cap1,10.0
cap1,10.0
cap1,10.0
cap1,10.0
cap1,10.0
cap1,10.0
cap1,10.0
cap1,10.0
cap1,10.0
cap1,10.0
cap1,10.0
cap1,10.0
cap1,10.0
cap1,10.0
cap1,10.0
cap1,10.0
cap1,10.0
cap1,10.0
cap1,10.0
cap1,10.0
cap1,10.0
cap1,10.0
cap1,10.0
cap1,10.0
cap1,10.0
cap1,10.0
cap1,10.0
cap1,10.0
cap1,10.0
cap1,10.0
cap1,10.0
cap1,10.0
cap1,10.0
cap1,10.0
cap1,10.0
cap1,10.0
cap1,10.0
cap1,10.0
cap1,10.0
cap1,10.0
cap1,10.0
cap1,10.0
cap1,10.0
cap1,10.0
cap1,10.0
cap1,10.0
cap1,10.0
cap1,10.0
cap1,10.0
cap1,10.0
cap1,10.0
cap1,10.0
cap1,10.0
cap1,10.0
cap1,10.0
cap1,10.0
cap1,10.0
cap1,10.0
cap1,10.0
cap1,10.1
cap1,10.1
cap1,10.1
cap1,10.1
cap1,10.1
cap1,10.1
cap1,10.1
cap1,10.1
cap1,10.1
cap1,10.1
cap1,10.1
cap1,10.1
cap1,10.1
cap1,10.1
cap1,10.1
cap1,10.1
cap1,10.1
cap1,10.1
cap1,10.1
cap1,10.1
cap1,10.1
cap1,10.1
cap1,10.1
cap1,10.1
cap1,10.1
cap1,10.1
cap1,10.2
cap1,10.3
cap1,10.3
cap1,10.3
cap1,10.3
cap1,10.4
cap1,10.4
cap1,10.4
cap1,10.4
cap1,10.4
cap1,10.5
cap1,10.5
cap1,10.7
cap1,10.7
cap1,11.0
cap1,11.1
cap1,15.0
cap1,15.0
cap1,15.0
cap1,15.0
cap1,15.0
cap1,15.0
cap1,15.0
cap1,15.0
cap1,15.0
cap1,15.0
cap1,15.1
cap1,15.1
cap1,15.1
cap1,15.1
cap1,15.1
cap1,15.1
cap1,15.1
cap1,15.1
cap1,15.1
cap1,15.1
cap1,15.1
cap1,15.1
cap1,15.1
cap1,15.1
cap1,15.1
cap1,15.1
cap1,15.1
cap1,15.1
cap1,15.1
cap1,15.1
cap1,15.1
cap1,15.1
cap1,15.1
cap1,15.1
cap1,15.1
cap1,15.1
cap1,15.1
cap1,15.1
cap1,15.1
cap1,15.1
cap1,15.1
cap1,15.1
cap1,15.1
cap1,15.1
cap1,15.1
cap1,15.1
cap1,15.1
cap1,15.1
cap1,15.1
cap1,15.1
cap1,15.1
cap1,15.1
cap1,15.1
cap1,15.1
cap1,15.1
cap1,15.1
cap1,15.1
cap1,15.1
cap1,15.1
cap1,15.1
cap1,15.1
cap1,15.1
cap1,15.1
cap1,15.1
cap1,15.1
cap1,15.1
cap1,15.1
cap1,15.1
cap1,15.1
cap1,15.2
cap1,15.2
cap1,15.3
cap1,16.1
cap1,16.1
cap1,16.6
cap1,16.7
cap1,17.5
cap1,20.1
cap1,20.1
cap1,20.1
cap1,20.1
cap1,20.1
cap1,20.1
cap1,20.1
cap1,20.1
cap1,20.1
cap1,20.1
cap1,20.1
cap1,20.1
cap1,20.1
cap1,20.1
cap1,20.1
cap1,20.1
cap1,20.1
cap1,20.1
cap1,20.1
cap1,20.3
cap1,25.1
cap1,25.1
cap1,25.1
cap1,25.1
cap1,25.1
cap1,25.1
cap1,25.1
cap1,25.1
cap1,25.1
cap1,25.1
cap1,25.1
cap1,25.1
cap1,25.6
cap1,30.1
cap1,30.1
cap1,30.7
cap1,35.1
cap1,35.2
cap1,35.2
cap1,35.4
cap1,40.2
cap1,40.2
cap1,45.2
cap1,45.2
cap1,45.2
cap1,45.2
cap1,45.2
cap1,45.2
cap1,45.3
cap1,50.2
cap1,50.2
cap1,55.2
cap1,55.3
cap1,55.3
cap1,60.3
cap1,65.2
cap1,65.3
cap1,75.3
cap1,75.3
cap1,80.3
cap1,80.3
cap1,90.4
cap1,95.3
cap1,100.4
cap1,110.4
cap1,115.5
cap1,120.5
cap1,130.5
cap1,140.6
cap1,150.5
cap1,150.6
cap1,196.0
cap1,200.7
cap1,210.9
cap1,212.2
cap1,221.0
cap1,251.2
cap1,276.1
cap1,276.3
cap1,276.3
cap1,276.4
cap1,276.4
cap1,280.9
cap1,281.0
cap1,281.3
cap1,281.3
cap1,281.4
cap1,286.1
cap1,286.2
cap1,286.3
cap1,286.5
cap1,291.8
cap1,296.4
cap1,296.5
cap1,301.0
cap1,376.1
cap2,10.0
cap2,10.0
cap2,10.0
cap2,10.0
cap2,10.0
cap2,10.0
cap2,10.0
cap2,10.0
cap2,10.0
cap2,10.0
cap2,10.0
cap2,10.0
cap2,10.0
cap2,10.0
cap2,10.0
cap2,10.0
cap2,10.0
cap2,10.0
cap2,10.0
cap2,10.0
cap2,10.0
cap2,10.0
cap2,10.0
cap2,10.0
cap2,10.0
cap2,10.0
cap2,10.0
cap2,10.0
cap2,10.0
cap2,10.0
cap2,10.0
cap2,10.0
cap2,10.0
cap2,10.0
cap2,10.0
cap2,10.0
cap2,10.0
cap2,10.0
cap2,10.0
cap2,10.0
cap2,10.0
cap2,10.0
cap2,10.0
cap2,10.0
cap2,10.0
cap2,10.0
cap2,10.0
cap2,10.0
cap2,10.0
cap2,10.0
cap2,10.0
cap2,10.0
cap2,10.0
cap2,10.0
cap2,10.0
cap2,10.0
cap2,10.0
cap2,10.0
cap2,10.0
cap2,10.0
cap2,10.0
cap2,10.0
cap2,10.0
cap2,10.0
cap2,10.0
cap2,10.0
cap2,10.0
cap2,10.0
cap2,10.0
cap2,10.0
cap2,10.0
cap2,10.0
cap2,10.0
cap2,10.0
cap2,10.0
cap2,10.0
cap2,10.0
cap2,10.0
cap2,10.0
cap2,10.0
cap2,10.0
cap2,10.0
cap2,10.0
cap2,10.0
cap2,10.0
cap2,10.0
cap2,10.0
cap2,10.0
cap2,10.0
cap2,10.0
cap2,10.0
cap2,10.0
cap2,10.0
cap2,10.0
cap2,10.0
cap2,10.0
cap2,10.0
cap2,10.0
cap2,10.0
cap2,10.0
cap2,10.0
cap2,10.0
cap2,10.0
cap2,10.1
cap2,10.2
cap2,10.4
cap2,15.1
cap2,15.1
cap2,15.1
cap2,15.1
cap2,15.1
cap2,15.1
cap2,15.1
cap2,15.1
cap2,15.1
cap2,15.1
cap2,15.1
cap2,15.1
cap2,15.1
cap2,15.1
cap2,15.1
cap2,15.1
cap2,15.1
cap2,15.1
cap2,15.1
cap2,15.1
cap2,15.1
cap2,15.1
cap2,15.1
cap2,15.1
cap2,15.1
cap2,15.1
cap2,15.1
cap2,15.1
cap2,15.1
cap2,15.1
cap2,15.1
cap2,15.1
cap2,15.1
cap2,15.1
cap2,15.1
cap2,15.1
cap2,15.1
cap2,15.1
cap2,15.1
cap2,15.1
cap2,15.3
cap2,20.1
cap2,20.1
cap2,20.1
cap2,20.1
cap2,20.1
cap2,20.1
cap2,20.1
cap2,20.1
cap2,20.1
cap2,20.1
cap2,20.1
cap2,20.1
cap2,20.1
cap2,20.1
cap2,20.1
cap2,20.1
cap2,20.1
cap2,20.1
cap2,20.1
cap2,20.1
cap2,20.1
cap2,20.1
cap2,20.1
cap2,25.1
cap2,25.1
cap2,25.1
cap2,25.1
cap2,30.1
cap2,30.1
cap2,30.1
cap2,30.1
cap2,30.1
cap2,35.1
cap2,35.1
cap2,40.2
cap2,45.2
cap2,50.2
cap2,55.2
cap2,55.2
cap2,65.3
cap2,95.4
cap2,100.4
cap2,100.4
cap2,105.4
cap2,110.4
cap2,115.5
cap2,130.5
cap2,150.6
cap2,155.8
cap2,185.7
cap2,381.3
cap3_fixed,10.0
cap3_fixed,10.0
cap3_fixed,10.0
cap3_fixed,10.0
cap3_fixed,10.0
cap3_fixed,10.0
cap3_fixed,10.0
cap3_fixed,10.0
cap3_fixed,10.0
cap3_fixed,10.0
cap3_fixed,10.0
cap3_fixed,10.0
cap3_fixed,10.0
cap3_fixed,10.0
cap3_fixed,10.0
cap3_fixed,10.0
cap3_fixed,10.0
cap3_fixed,10.0
cap3_fixed,10.0
cap3_fixed,10.0
cap3_fixed,10.0
cap3_fixed,10.0
cap3_fixed,10.0
cap3_fixed,10.0
cap3_fixed,10.0
cap3_fixed,10.0
cap3_fixed,10.0
cap3_fixed,10.0
cap3_fixed,10.0
cap3_fixed,10.0
cap3_fixed,10.0
cap3_fixed,10.0
cap3_fixed,10.0
cap3_fixed,10.0
cap3_fixed,10.0
cap3_fixed,10.0
cap3_fixed,10.0
cap3_fixed,10.0
cap3_fixed,10.0
cap3_fixed,10.0
cap3_fixed,10.0
cap3_fixed,10.0
cap3_fixed,10.0
cap3_fixed,10.0
cap3_fixed,10.1
cap3_fixed,15.1
cap3_fixed,15.1
cap3_fixed,15.1
cap3_fixed,15.1
cap3_fixed,15.1
cap3_fixed,15.1
cap3_fixed,15.1
cap3_fixed,15.1
cap3_fixed,15.1
cap3_fixed,15.1
cap3_fixed,15.1
cap3_fixed,15.1
cap3_fixed,15.1
cap3_fixed,15.1
cap3_fixed,15.1
cap3_fixed,15.1
cap3_fixed,15.1
cap3_fixed,15.1
cap3_fixed,15.1
cap3_fixed,15.1
cap3_fixed,15.1
cap3_fixed,15.1
cap3_fixed,15.1
cap3_fixed,20.1
cap3_fixed,20.1
cap3_fixed,20.1
cap3_fixed,20.1
cap3_fixed,20.1
cap3_fixed,20.1
cap3_fixed,20.1
cap3_fixed,20.1
cap3_fixed,20.1
cap3_fixed,20.1
cap3_fixed,20.1
cap3_fixed,25.1
cap3_fixed,25.1
cap3_fixed,25.1
cap3_fixed,25.1
cap3_fixed,25.1
cap3_fixed,25.1
cap3_fixed,25.1
cap3_fixed,30.1
cap3_fixed,30.1
cap3_fixed,30.1
cap3_fixed,30.1
cap3_fixed,30.1
cap3_fixed,35.1
cap3_fixed,35.1
cap3_fixed,35.1
cap3_fixed,35.1
cap3_fixed,40.1
cap3_fixed,40.2
cap3_fixed,45.2
cap3_fixed,45.2
cap3_fixed,95.4
cap3_fixed,120.4
cap3_fixed,215.9
cap3_fixed,286.1
cap3_fixed,371.2
cap4,10.0
cap4,10.0
cap4,10.0
cap4,10.0
cap4,10.0
cap4,10.0
cap4,10.0
cap4,10.0
cap4,10.0
cap4,10.0
cap4,10.0
cap4,10.0
cap4,10.0
cap4,10.0
cap4,10.0
cap4,10.0
cap4,10.0
cap4,10.0
cap4,10.0
cap4,10.0
cap4,10.0
cap4,15.0
cap4,15.0
cap4,15.1
cap4,15.1
cap4,15.1
cap4,15.1
cap4,15.1
cap4,15.1
cap4,15.1
cap4,15.1
cap4,15.1
cap4,15.1
cap4,15.1
cap4,15.1
cap4,15.1
cap4,15.1
cap4,20.1
cap4,20.1
cap4,20.1
cap4,20.1
cap4,20.1
cap4,20.1
cap4,20.1
cap4,20.1
cap4,20.1
cap4,25.1
cap4,25.1
cap4,25.1
cap4,25.1
cap4,25.1
cap4,25.1
cap4,25.1
cap4,25.1
cap4,25.1
cap4,30.1
cap4,30.1
cap4,30.1
cap4,30.1
cap4,30.1
cap4,30.1
cap4,30.1
cap4,30.1
cap4,35.1
cap4,35.1
cap4,35.1
cap4,35.1
cap4,35.1
cap4,35.2
cap4,40.2
cap4,45.2
cap4,45.2
cap4,55.2
cap4,471.5
cap5,10.0
cap5,10.0
cap5,10.0
cap5,10.0
cap5,10.0
cap5,10.0
cap5,10.0
cap5,15.1
cap5,15.1
cap5,15.1
cap5,15.1
cap5,15.1
cap5,15.1
cap5,15.1
cap5,15.1
cap5,15.1
cap5,20.1
cap5,20.1
cap5,20.1
cap5,20.1
cap5,20.1
cap5,20.1
cap5,20.1
cap5,20.1
cap5,20.1
cap5,20.1
cap5,20.1
cap5,20.1
cap5,20.1
cap5,20.1
cap5,20.1
cap5,20.1
cap5,20.1
cap5,20.1
cap5,20.1
cap5,20.1
cap5,20.1
cap5,25.1
cap5,25.1
cap5,25.1
cap5,25.1
cap5,25.1
cap5,25.1
cap5,25.1
cap5,25.1
cap5,25.1
cap5,30.1
cap5,30.1
cap5,30.1
cap5,30.1
cap5,30.1
cap5,30.1
cap5,30.1
cap5,30.1
cap5,35.1
cap5,35.1
cap5,35.1
cap5,35.1
cap5,35.1
cap5,35.1
cap5,35.1
cap5,35.1
cap5,35.2
cap5,40.1
cap5,40.2
cap5,40.2
cap5,40.2
cap5,40.2
cap5,40.2
cap5,45.2
cap5,50.2
cap5,185.7
cap5,371.2
pairB_cap2hc,10.0
pairB_cap2hc,10.0
pairB_cap2hc,10.0
pairB_cap2hc,10.0
pairB_cap2hc,10.0
pairB_cap2hc,10.0
pairB_cap2hc,10.0
pairB_cap2hc,10.0
pairB_cap2hc,10.0
pairB_cap2hc,10.0
pairB_cap2hc,10.0
pairB_cap2hc,10.0
pairB_cap2hc,10.0
pairB_cap2hc,10.0
pairB_cap2hc,10.0
pairB_cap2hc,10.0
pairB_cap2hc,10.0
pairB_cap2hc,10.0
pairB_cap2hc,10.0
pairB_cap2hc,10.0
pairB_cap2hc,10.0
pairB_cap2hc,10.0
pairB_cap2hc,10.0
pairB_cap2hc,10.0
pairB_cap2hc,10.0
pairB_cap2hc,10.0
pairB_cap2hc,10.0
pairB_cap2hc,10.0
pairB_cap2hc,10.0
pairB_cap2hc,10.0
pairB_cap2hc,10.0
pairB_cap2hc,10.0
pairB_cap2hc,10.0
pairB_cap2hc,10.0
pairB_cap2hc,10.0
pairB_cap2hc,10.0
pairB_cap2hc,10.0
pairB_cap2hc,10.0
pairB_cap2hc,10.0
pairB_cap2hc,10.0
pairB_cap2hc,10.0
pairB_cap2hc,10.0
pairB_cap2hc,10.0
pairB_cap2hc,10.0
pairB_cap2hc,10.0
pairB_cap2hc,10.0
pairB_cap2hc,10.0
pairB_cap2hc,10.0
pairB_cap2hc,10.0
pairB_cap2hc,10.0
pairB_cap2hc,10.0
pairB_cap2hc,10.0
pairB_cap2hc,10.0
pairB_cap2hc,10.0
pairB_cap2hc,10.0
pairB_cap2hc,10.0
pairB_cap2hc,10.0
pairB_cap2hc,10.0
pairB_cap2hc,10.0
pairB_cap2hc,10.0
pairB_cap2hc,10.0
pairB_cap2hc,10.0
pairB_cap2hc,10.0
pairB_cap2hc,10.0
pairB_cap2hc,10.0
pairB_cap2hc,10.0
pairB_cap2hc,10.0
pairB_cap2hc,10.0
pairB_cap2hc,10.0
pairB_cap2hc,10.0
pairB_cap2hc,10.0
pairB_cap2hc,10.0
pairB_cap2hc,10.0
pairB_cap2hc,10.0
pairB_cap2hc,10.0
pairB_cap2hc,10.0
pairB_cap2hc,10.0
pairB_cap2hc,10.0
pairB_cap2hc,10.0
pairB_cap2hc,10.0
pairB_cap2hc,10.0
pairB_cap2hc,10.0
pairB_cap2hc,10.0
pairB_cap2hc,10.0
pairB_cap2hc,10.0
pairB_cap2hc,10.0
pairB_cap2hc,10.0
pairB_cap2hc,10.0
pairB_cap2hc,10.0
pairB_cap2hc,10.0
pairB_cap2hc,10.0
pairB_cap2hc,10.0
pairB_cap2hc,10.0
pairB_cap2hc,10.0
pairB_cap2hc,10.0
pairB_cap2hc,10.0
pairB_cap2hc,10.0
pairB_cap2hc,10.0
pairB_cap2hc,10.0
pairB_cap2hc,10.0
pairB_cap2hc,10.0
pairB_cap2hc,10.0
pairB_cap2hc,10.0
pairB_cap2hc,10.0
pairB_cap2hc,10.0
pairB_cap2hc,10.0
pairB_cap2hc,10.0
pairB_cap2hc,10.0
pairB_cap2hc,10.0
pairB_cap2hc,10.0
pairB_cap2hc,10.0
pairB_cap2hc,15.1
pairB_cap2hc,15.1
pairB_cap2hc,15.1
pairB_cap2hc,15.1
pairB_cap2hc,15.1
pairB_cap2hc,15.1
pairB_cap2hc,15.1
pairB_cap2hc,15.1
pairB_cap2hc,15.1
pairB_cap2hc,15.1
pairB_cap2hc,15.1
pairB_cap2hc,15.1
pairB_cap2hc,15.1
pairB_cap2hc,15.1
pairB_cap2hc,15.1
pairB_cap2hc,15.1
pairB_cap2hc,15.1
pairB_cap2hc,15.1
pairB_cap2hc,15.1
pairB_cap2hc,15.1
pairB_cap2hc,15.1
pairB_cap2hc,15.1
pairB_cap2hc,15.1
pairB_cap2hc,15.1
pairB_cap2hc,15.1
pairB_cap2hc,15.1
pairB_cap2hc,15.1
pairB_cap2hc,15.1
pairB_cap2hc,15.1
pairB_cap2hc,15.1
pairB_cap2hc,15.1
pairB_cap2hc,15.1
pairB_cap2hc,15.1
pairB_cap2hc,15.1
pairB_cap2hc,15.1
pairB_cap2hc,20.1
pairB_cap2hc,20.1
pairB_cap2hc,20.1
pairB_cap2hc,20.1
pairB_cap2hc,20.1
pairB_cap2hc,20.1
pairB_cap2hc,20.1
pairB_cap2hc,20.1
pairB_cap2hc,20.1
pairB_cap2hc,20.1
pairB_cap2hc,20.1
pairB_cap2hc,20.1
pairB_cap2hc,20.1
pairB_cap2hc,20.1
pairB_cap2hc,20.8
pairB_cap2hc,25.1
pairB_cap2hc,25.1
pairB_cap2hc,25.1
pairB_cap2hc,25.1
pairB_cap2hc,25.1
pairB_cap2hc,25.1
pairB_cap2hc,25.1
pairB_cap2hc,30.1
pairB_cap2hc,30.1
pairB_cap2hc,30.1
pairB_cap2hc,30.1
pairB_cap2hc,35.1
pairB_cap2hc,45.2
pairB_cap2hc,60.2
pairB_cap2hc,60.3
pairB_cap2hc,60.3
pairB_cap2hc,70.3
pairB_cap2hc,185.7
pairB_cap2hc,200.8
pairB_cap2hc,215.9
pairB_cap2hc,236.0
pairB_cap2hc,511.3
cap3_hc,10.0
cap3_hc,10.0
cap3_hc,10.0
cap3_hc,10.0
cap3_hc,10.0
cap3_hc,10.0
cap3_hc,10.0
cap3_hc,10.0
cap3_hc,10.0
cap3_hc,10.0
cap3_hc,10.0
cap3_hc,10.0
cap3_hc,10.0
cap3_hc,10.0
cap3_hc,10.0
cap3_hc,10.0
cap3_hc,10.0
cap3_hc,10.0
cap3_hc,10.0
cap3_hc,10.0
cap3_hc,10.0
cap3_hc,10.0
cap3_hc,10.0
cap3_hc,10.0
cap3_hc,10.0
cap3_hc,10.0
cap3_hc,10.0
cap3_hc,10.0
cap3_hc,10.0
cap3_hc,10.0
cap3_hc,10.0
cap3_hc,10.0
cap3_hc,10.0
cap3_hc,10.0
cap3_hc,10.0
cap3_hc,10.0
cap3_hc,10.0
cap3_hc,10.0
cap3_hc,10.0
cap3_hc,10.0
cap3_hc,10.0
cap3_hc,10.0
cap3_hc,10.0
cap3_hc,10.0
cap3_hc,10.0
cap3_hc,10.0
cap3_hc,10.0
cap3_hc,10.0
cap3_hc,10.0
cap3_hc,10.0
cap3_hc,10.0
cap3_hc,10.0
cap3_hc,10.0
cap3_hc,10.0
cap3_hc,10.0
cap3_hc,10.0
cap3_hc,10.0
cap3_hc,10.0
cap3_hc,10.1
cap3_hc,15.0
cap3_hc,15.1
cap3_hc,15.1
cap3_hc,15.1
cap3_hc,15.1
cap3_hc,15.1
cap3_hc,15.1
cap3_hc,15.1
cap3_hc,15.1
cap3_hc,15.1
cap3_hc,15.1
cap3_hc,15.1
cap3_hc,15.1
cap3_hc,15.1
cap3_hc,15.1
cap3_hc,15.1
cap3_hc,15.1
cap3_hc,15.1
cap3_hc,15.1
cap3_hc,20.1
cap3_hc,20.1
cap3_hc,20.1
cap3_hc,20.1
cap3_hc,20.1
cap3_hc,20.1
cap3_hc,20.1
cap3_hc,20.1
cap3_hc,20.1
cap3_hc,20.1
cap3_hc,20.1
cap3_hc,20.1
cap3_hc,20.1
cap3_hc,20.1
cap3_hc,20.1
cap3_hc,25.1
cap3_hc,25.1
cap3_hc,25.1
cap3_hc,30.1
cap3_hc,30.1
cap3_hc,35.1
cap3_hc,80.3
cap3_hc,150.6
cap3_hc,371.3
cap4_hc,10.0
cap4_hc,10.0
cap4_hc,10.0
cap4_hc,10.0
cap4_hc,10.0
cap4_hc,10.0
cap4_hc,10.0
cap4_hc,10.0
cap4_hc,10.0
cap4_hc,10.0
cap4_hc,10.0
cap4_hc,10.0
cap4_hc,10.0
cap4_hc,10.0
cap4_hc,10.0
cap4_hc,10.0
cap4_hc,10.0
cap4_hc,10.0
cap4_hc,10.0
cap4_hc,10.0
cap4_hc,10.0
cap4_hc,10.0
cap4_hc,10.0
cap4_hc,10.0
cap4_hc,10.0
cap4_hc,10.1
cap4_hc,10.1
cap4_hc,10.1
cap4_hc,15.1
cap4_hc,15.1
cap4_hc,15.1
cap4_hc,15.1
cap4_hc,15.1
cap4_hc,15.1
cap4_hc,15.1
cap4_hc,15.1
cap4_hc,15.1
cap4_hc,15.1
cap4_hc,15.1
cap4_hc,15.1
cap4_hc,15.1
cap4_hc,15.1
cap4_hc,20.1
cap4_hc,20.1
cap4_hc,20.1
cap4_hc,20.1
cap4_hc,20.1
cap4_hc,20.1
cap4_hc,20.1
cap4_hc,20.1
cap4_hc,25.1
cap4_hc,25.1
cap4_hc,25.1
cap4_hc,25.1
cap4_hc,30.1
cap4_hc,30.2
cap4_hc,35.2
cap4_hc,45.2
cap4_hc,366.2
foyer_hc,10.0
foyer_hc,10.0
foyer_hc,10.0
foyer_hc,10.0
foyer_hc,10.0
foyer_hc,10.0
foyer_hc,10.0
foyer_hc,10.0
foyer_hc,10.0
foyer_hc,10.0
foyer_hc,10.0
foyer_hc,10.0
foyer_hc,10.0
foyer_hc,10.0
foyer_hc,10.0
foyer_hc,10.0
foyer_hc,10.0
foyer_hc,10.0
foyer_hc,10.0
foyer_hc,10.0
foyer_hc,10.0
foyer_hc,10.0
foyer_hc,10.0
foyer_hc,10.0
foyer_hc,10.0
foyer_hc,10.0
foyer_hc,10.0
foyer_hc,10.0
foyer_hc,10.0
foyer_hc,10.0
foyer_hc,10.0
foyer_hc,10.0
foyer_hc,10.0
foyer_hc,10.0
foyer_hc,10.0
foyer_hc,10.0
foyer_hc,10.0
foyer_hc,10.0
foyer_hc,10.0
foyer_hc,10.0
foyer_hc,10.0
foyer_hc,10.0
foyer_hc,10.0
foyer_hc,10.0
foyer_hc,10.0
foyer_hc,10.0
foyer_hc,10.0
foyer_hc,10.0
foyer_hc,10.0
foyer_hc,10.0
foyer_hc,10.0
foyer_hc,10.0
foyer_hc,10.0
foyer_hc,10.0
foyer_hc,10.0
foyer_hc,10.0
foyer_hc,10.0
foyer_hc,10.0
foyer_hc,10.0
foyer_hc,10.0
foyer_hc,10.0
foyer_hc,10.0
foyer_hc,10.0
foyer_hc,10.0
foyer_hc,10.0
foyer_hc,10.0
foyer_hc,10.0
foyer_hc,10.0
foyer_hc,10.0
foyer_hc,10.0
foyer_hc,10.0
foyer_hc,10.0
foyer_hc,10.0
foyer_hc,10.0
foyer_hc,10.0
foyer_hc,10.0
foyer_hc,10.0
foyer_hc,10.0
foyer_hc,10.0
foyer_hc,10.0
foyer_hc,10.0
foyer_hc,10.0
foyer_hc,10.0
foyer_hc,10.0
foyer_hc,10.0
foyer_hc,10.0
foyer_hc,10.1
foyer_hc,10.1
foyer_hc,10.1
foyer_hc,15.0
foyer_hc,15.0
foyer_hc,15.0
foyer_hc,15.1
foyer_hc,15.1
foyer_hc,15.1
foyer_hc,15.1
foyer_hc,15.1
foyer_hc,15.1
foyer_hc,15.1
foyer_hc,15.1
foyer_hc,15.1
foyer_hc,15.1
foyer_hc,15.1
foyer_hc,15.1
foyer_hc,15.1
foyer_hc,15.1
foyer_hc,15.1
foyer_hc,15.1
foyer_hc,15.1
foyer_hc,15.1
foyer_hc,15.1
foyer_hc,15.1
foyer_hc,15.1
foyer_hc,15.1
foyer_hc,15.1
foyer_hc,15.1
foyer_hc,15.1
foyer_hc,15.1
foyer_hc,15.1
foyer_hc,15.1
foyer_hc,15.1
foyer_hc,15.1
foyer_hc,15.1
foyer_hc,15.1
foyer_hc,15.1
foyer_hc,20.1
foyer_hc,20.1
foyer_hc,20.1
foyer_hc,20.1
foyer_hc,20.1
foyer_hc,20.1
foyer_hc,20.1
foyer_hc,20.1
foyer_hc,20.1
foyer_hc,20.1
foyer_hc,20.1
foyer_hc,20.1
foyer_hc,20.1
foyer_hc,20.2
foyer_hc,20.2
foyer_hc,25.1
foyer_hc,25.1
foyer_hc,25.1
foyer_hc,25.1
foyer_hc,25.1
foyer_hc,25.1
foyer_hc,25.1
foyer_hc,30.1
foyer_hc,30.1
foyer_hc,40.2
foyer_hc,40.2
foyer_hc,50.2
foyer_hc,50.2
foyer_hc,55.2
foyer_hc,55.3
foyer_hc,65.2
foyer_hc,75.3
foyer_hc,90.3
foyer_hc,110.4
foyer_hc,115.5
foyer_hc,180.7
foyer_hc,185.7
foyer_hc,190.8
foyer_hc,386.2
foyer_hz1,10.0
foyer_hz1,10.0
foyer_hz1,10.0
foyer_hz1,10.0
foyer_hz1,10.0
foyer_hz1,10.0
foyer_hz1,10.0
foyer_hz1,10.0
foyer_hz1,10.0
foyer_hz1,10.0
foyer_hz1,10.0
foyer_hz1,10.0
foyer_hz1,10.0
foyer_hz1,10.0
foyer_hz1,10.0
foyer_hz1,10.0
foyer_hz1,10.0
foyer_hz1,10.0
foyer_hz1,10.0
foyer_hz1,10.0
foyer_hz1,10.0
foyer_hz1,10.0
foyer_hz1,10.0
foyer_hz1,10.0
foyer_hz1,10.0
foyer_hz1,10.0
foyer_hz1,10.0
foyer_hz1,10.0
foyer_hz1,10.0
foyer_hz1,10.0
foyer_hz1,10.0
foyer_hz1,10.0
foyer_hz1,10.0
foyer_hz1,10.0
foyer_hz1,10.0
foyer_hz1,10.0
foyer_hz1,10.0
foyer_hz1,10.0
foyer_hz1,10.0
foyer_hz1,10.0
foyer_hz1,10.0
foyer_hz1,10.0
foyer_hz1,10.0
foyer_hz1,10.0
foyer_hz1,10.0
foyer_hz1,10.0
foyer_hz1,10.0
foyer_hz1,10.0
foyer_hz1,10.1
foyer_hz1,10.1
foyer_hz1,10.1
foyer_hz1,10.1
foyer_hz1,10.1
foyer_hz1,15.0
foyer_hz1,15.0
foyer_hz1,15.0
foyer_hz1,15.0
foyer_hz1,15.1
foyer_hz1,15.1
foyer_hz1,15.1
foyer_hz1,15.1
foyer_hz1,15.1
foyer_hz1,15.1
foyer_hz1,15.1
foyer_hz1,15.1
foyer_hz1,15.1
foyer_hz1,15.1
foyer_hz1,15.1
foyer_hz1,15.1
foyer_hz1,15.1
foyer_hz1,15.1
foyer_hz1,15.1
foyer_hz1,15.1
foyer_hz1,15.1
foyer_hz1,15.1
foyer_hz1,15.1
foyer_hz1,15.1
foyer_hz1,15.1
foyer_hz1,15.1
foyer_hz1,15.1
foyer_hz1,15.1
foyer_hz1,15.1
foyer_hz1,20.1
foyer_hz1,20.1
foyer_hz1,20.1
foyer_hz1,20.1
foyer_hz1,20.1
foyer_hz1,20.1
foyer_hz1,20.1
foyer_hz1,20.1
foyer_hz1,20.1
foyer_hz1,20.1
foyer_hz1,20.1
foyer_hz1,20.1
foyer_hz1,20.1
foyer_hz1,20.1
foyer_hz1,20.1
foyer_hz1,20.1
foyer_hz1,20.1
foyer_hz1,20.1
foyer_hz1,20.1
foyer_hz1,20.1
foyer_hz1,20.2
foyer_hz1,20.5
foyer_hz1,25.1
foyer_hz1,25.1
foyer_hz1,25.8
foyer_hz1,30.1
foyer_hz1,30.1
foyer_hz1,35.1
foyer_hz1,40.2
foyer_hz1,60.2
foyer_hz1,65.3
foyer_hz1,70.3
foyer_hz1,115.5
foyer_hz1,140.6
foyer_hz1,150.6
foyer_hz1,195.8
foyer_hz1,376.1
foyer_hz2,10.0
foyer_hz2,10.0
foyer_hz2,10.0
foyer_hz2,10.0
foyer_hz2,10.0
foyer_hz2,10.0
foyer_hz2,10.0
foyer_hz2,10.0
foyer_hz2,10.0
foyer_hz2,10.0
foyer_hz2,10.0
foyer_hz2,10.0
foyer_hz2,10.0
foyer_hz2,10.0
foyer_hz2,10.0
foyer_hz2,10.0
foyer_hz2,10.0
foyer_hz2,10.0
foyer_hz2,10.0
foyer_hz2,10.0
foyer_hz2,10.0
foyer_hz2,10.0
foyer_hz2,10.0
foyer_hz2,10.0
foyer_hz2,10.0
foyer_hz2,10.0
foyer_hz2,10.0
foyer_hz2,10.0
foyer_hz2,10.0
foyer_hz2,10.0
foyer_hz2,10.0
foyer_hz2,10.0
foyer_hz2,10.0
foyer_hz2,10.0
foyer_hz2,10.0
foyer_hz2,10.0
foyer_hz2,10.0
foyer_hz2,10.0
foyer_hz2,10.0
foyer_hz2,10.0
foyer_hz2,10.0
foyer_hz2,10.0
foyer_hz2,10.0
foyer_hz2,10.0
foyer_hz2,10.0
foyer_hz2,10.0
foyer_hz2,10.0
foyer_hz2,10.0
foyer_hz2,10.0
foyer_hz2,10.0
foyer_hz2,10.1
foyer_hz2,10.1
foyer_hz2,10.1
foyer_hz2,10.1
foyer_hz2,10.1
foyer_hz2,10.1
foyer_hz2,10.2
foyer_hz2,10.2
foyer_hz2,10.2
foyer_hz2,10.3
foyer_hz2,10.3
foyer_hz2,10.3
foyer_hz2,10.3
foyer_hz2,10.3
foyer_hz2,10.4
foyer_hz2,10.5
foyer_hz2,10.5
foyer_hz2,10.6
foyer_hz2,10.6
foyer_hz2,10.7
foyer_hz2,10.7
foyer_hz2,10.9
foyer_hz2,10.9
foyer_hz2,11.3
foyer_hz2,11.4
foyer_hz2,15.0
foyer_hz2,15.0
foyer_hz2,15.1
foyer_hz2,15.1
foyer_hz2,15.1
foyer_hz2,15.1
foyer_hz2,15.1
foyer_hz2,15.1
foyer_hz2,15.1
foyer_hz2,15.1
foyer_hz2,15.1
foyer_hz2,15.1
foyer_hz2,15.1
foyer_hz2,15.1
foyer_hz2,15.1
foyer_hz2,15.1
foyer_hz2,15.1
foyer_hz2,15.1
foyer_hz2,15.1
foyer_hz2,15.1
foyer_hz2,15.1
foyer_hz2,15.1
foyer_hz2,15.1
foyer_hz2,15.2
foyer_hz2,15.2
foyer_hz2,15.4
foyer_hz2,15.4
foyer_hz2,15.5
foyer_hz2,15.8
foyer_hz2,16.0
foyer_hz2,16.1
foyer_hz2,16.1
foyer_hz2,16.4
foyer_hz2,16.5
foyer_hz2,20.1
foyer_hz2,20.1
foyer_hz2,20.1
foyer_hz2,20.1
foyer_hz2,20.1
foyer_hz2,20.1
foyer_hz2,20.1
foyer_hz2,20.1
foyer_hz2,20.1
foyer_hz2,20.1
foyer_hz2,20.1
foyer_hz2,20.1
foyer_hz2,20.1
foyer_hz2,20.5
foyer_hz2,20.5
foyer_hz2,20.5
foyer_hz2,20.9
foyer_hz2,21.2
foyer_hz2,21.8
foyer_hz2,25.1
foyer_hz2,25.1
foyer_hz2,25.1
foyer_hz2,25.1
foyer_hz2,25.1
foyer_hz2,25.1
foyer_hz2,25.1
foyer_hz2,25.1
foyer_hz2,25.1
foyer_hz2,25.6
foyer_hz2,35.8
foyer_hz2,50.2
foyer_hz2,50.3
foyer_hz2,90.4
foyer_hz2,110.4
foyer_hz2,115.4
foyer_hz2,187.0
foyer_hz2,200.8
foyer_hz2,371.8
foyer_hz0,10.0
foyer_hz0,10.0
foyer_hz0,10.0
foyer_hz0,10.0
foyer_hz0,10.0
foyer_hz0,10.0
foyer_hz0,10.0
foyer_hz0,10.0
foyer_hz0,10.0
foyer_hz0,10.0
foyer_hz0,10.0
foyer_hz0,10.0
foyer_hz0,10.0
foyer_hz0,10.0
foyer_hz0,10.0
foyer_hz0,10.0
foyer_hz0,10.0
foyer_hz0,10.0
foyer_hz0,10.0
foyer_hz0,10.0
foyer_hz0,10.1
foyer_hz0,10.1
foyer_hz0,10.1
foyer_hz0,10.1
foyer_hz0,10.1
foyer_hz0,10.2
foyer_hz0,10.2
foyer_hz0,10.3
foyer_hz0,10.3
foyer_hz0,10.3
foyer_hz0,10.4
foyer_hz0,10.5
foyer_hz0,10.5
foyer_hz0,10.7
foyer_hz0,10.8
foyer_hz0,10.9
foyer_hz0,11.0
foyer_hz0,11.0
foyer_hz0,11.0
foyer_hz0,11.1
foyer_hz0,11.2
foyer_hz0,15.1
foyer_hz0,15.1
foyer_hz0,15.1
foyer_hz0,15.1
foyer_hz0,15.1
foyer_hz0,15.1
foyer_hz0,15.1
foyer_hz0,15.1
foyer_hz0,15.1
foyer_hz0,15.1
foyer_hz0,15.1
foyer_hz0,15.1
foyer_hz0,15.1
foyer_hz0,15.2
foyer_hz0,15.4
foyer_hz0,15.5
foyer_hz0,15.6
foyer_hz0,15.8
foyer_hz0,15.9
foyer_hz0,16.7
foyer_hz0,16.9
foyer_hz0,20.1
foyer_hz0,20.1
foyer_hz0,20.1
foyer_hz0,20.7
foyer_hz0,20.8
foyer_hz0,21.0
foyer_hz0,21.2
foyer_hz0,21.4
foyer_hz0,21.8
foyer_hz0,25.1
foyer_hz0,25.1
foyer_hz0,26.4
foyer_hz0,27.1
foyer_hz0,30.1
foyer_hz0,30.1
foyer_hz0,35.1
foyer_hz0,36.1
foyer_hz0,60.2
foyer_hz0,105.4
foyer_hz0,111.7
foyer_hz0,135.6
foyer_hz0,151.3
foyer_hz0,170.7
foyer_hz0,190.8
foyer_hz0,210.9
foyer_hz0,220.9
foyer_hz0,256.0
foyer_hz0,376.5
foyer_bres,10.0
foyer_bres,10.0
foyer_bres,10.0
foyer_bres,10.0
foyer_bres,10.0
foyer_bres,10.0
foyer_bres,10.0
foyer_bres,10.0
foyer_bres,10.0
foyer_bres,10.0
foyer_bres,10.0
foyer_bres,10.0
foyer_bres,10.0
foyer_bres,10.0
foyer_bres,10.0
foyer_bres,10.0
foyer_bres,10.0
foyer_bres,10.0
foyer_bres,10.0
foyer_bres,10.0
foyer_bres,10.0
foyer_bres,10.0
foyer_bres,10.0
foyer_bres,10.0
foyer_bres,10.0
foyer_bres,10.0
foyer_bres,10.0
foyer_bres,10.0
foyer_bres,10.0
foyer_bres,10.0
foyer_bres,10.1
foyer_bres,10.1
foyer_bres,10.2
foyer_bres,10.2
foyer_bres,10.2
foyer_bres,10.2
foyer_bres,10.2
foyer_bres,10.3
foyer_bres,10.3
foyer_bres,10.4
foyer_bres,10.4
foyer_bres,10.4
foyer_bres,10.4
foyer_bres,10.4
foyer_bres,10.4
foyer_bres,10.4
foyer_bres,10.5
foyer_bres,10.5
foyer_bres,10.6
foyer_bres,10.6
foyer_bres,10.6
foyer_bres,10.7
foyer_bres,10.7
foyer_bres,10.7
foyer_bres,10.7
foyer_bres,10.8
foyer_bres,10.9
foyer_bres,11.0
foyer_bres,11.0
foyer_bres,11.0
foyer_bres,11.0
foyer_bres,11.0
foyer_bres,11.2
foyer_bres,11.2
foyer_bres,11.3
foyer_bres,11.3
foyer_bres,15.0
foyer_bres,15.1
foyer_bres,15.1
foyer_bres,15.1
foyer_bres,15.1
foyer_bres,15.1
foyer_bres,15.1
foyer_bres,15.1
foyer_bres,15.1
foyer_bres,15.1
foyer_bres,15.1
foyer_bres,15.1
foyer_bres,15.1
foyer_bres,15.1
foyer_bres,15.1
foyer_bres,15.1
foyer_bres,15.1
foyer_bres,15.1
foyer_bres,15.1
foyer_bres,15.1
foyer_bres,15.3
foyer_bres,15.3
foyer_bres,15.3
foyer_bres,15.3
foyer_bres,15.4
foyer_bres,15.5
foyer_bres,15.5
foyer_bres,15.6
foyer_bres,15.7
foyer_bres,15.7
foyer_bres,15.8
foyer_bres,16.7
foyer_bres,20.1
foyer_bres,20.1
foyer_bres,20.1
foyer_bres,20.1
foyer_bres,20.1
foyer_bres,20.1
foyer_bres,20.1
foyer_bres,20.1
foyer_bres,20.2
foyer_bres,20.8
foyer_bres,21.4
foyer_bres,25.1
foyer_bres,25.1
foyer_bres,25.1
foyer_bres,25.3
foyer_bres,25.5
foyer_bres,25.9
foyer_bres,26.5
foyer_bres,31.0
foyer_bres,35.2
foyer_bres,40.2
foyer_bres,45.2
foyer_bres,45.2
foyer_bres,70.3
foyer_bres,110.4
foyer_bres,140.6
foyer_bres,376.5
